Workbook

Sheet Read me
A1: M365 Copilot Readiness Kit: Top 5
A2: Version | B2: 1.0 (2026-10-28; facts re-read on Microsoft Learn 2026-10-28; validated: quality gate, read-only guard, PowerShell 7.4 parse, Excel recalc)
A3: What this is | B3: The same backlog as the Jira CSV, as a project plan for teams without Jira. One row per control on 'Project plan'; 'Dashboard' shows progress.
A4: Your cells | B4: Yellow cells on 'Project plan': Owner, Start, Due, Status, Done date, Notes. Everything else is filled in or calculated.
A5: Status values | B5: To do, In progress, Blocked, Done, Not applicable. Pick from the drop-down.
A6: % complete | B6: Done = 100%. In progress = 50% (assumption: a simple midpoint, so the dashboard moves before a control is finished). Everything else = 0%. 'Not applicable' rows are left out of the totals.
A7: Effort (h) | B7: Hands-on hours from the guide: upper end of a range, minutes converted to hours. Waiting time (DNS, rollout weeks, recurring reviews) is not included.
A8: Overdue | B8: Due date before today and status not Done or Not applicable.
A9: Example row | B9: Owner: j.doe · Start: 03/11/2026 · Due: 07/11/2026 · Status: In progress · Done date: (empty until Done) · Notes: Report-only since 03/11, review on 06/11.
A10: Details per control | B10: Why, steps, read-only check, verify, licence and sources are in the guide (.md) that ships in the same zip.
A11: Disclaimer | B11: Not affiliated with or endorsed by Microsoft. Test every change in Report-only or on a pilot group first.

Sheet Dashboard
A1: M365 Copilot Readiness Kit: Top 5 — progress
A2: All figures are formulas over 'Project plan'. 'Not applicable' rows are excluded from % complete.
A4: By area
A5: Area | B5: Controls | C5: Done | D5: In progress | E5: Blocked | F5: Not applicable | G5: % complete | H5: Overdue | I5: Hours left
A6: Find and fix oversharing | B6: =COUNTIFS('Project plan'!$C$2:$C$6,$A6) | C6: =COUNTIFS('Project plan'!$C$2:$C$6,$A6,'Project plan'!$L$2:$L$6,"Done") | D6: =COUNTIFS('Project plan'!$C$2:$C$6,$A6,'Project plan'!$L$2:$L$6,"In progress") | E6: =COUNTIFS('Project plan'!$C$2:$C$6,$A6,'Project plan'!$L$2:$L$6,"Blocked") | F6: =COUNTIFS('Project plan'!$C$2:$C$6,$A6,'Project plan'!$L$2:$L$6,"Not applicable") | G6: =IFERROR(SUMIFS('Project plan'!$N$2:$N$6,'Project plan'!$C$2:$C$6,$A6,'Project plan'!$L$2:$L$6,"<>Not applicable")/(B6-F6),0) | H6: =COUNTIFS('Project plan'!$C$2:$C$6,$A6,'Project plan'!$O$2:$O$6,"Yes") | I6: =SUMIFS('Project plan'!$G$2:$G$6,'Project plan'!$C$2:$C$6,$A6,'Project plan'!$L$2:$L$6,"<>Done",'Project plan'!$L$2:$L$6,"<>Not applicable")
A7: Safer sharing defaults | B7: =COUNTIFS('Project plan'!$C$2:$C$6,$A7) | C7: =COUNTIFS('Project plan'!$C$2:$C$6,$A7,'Project plan'!$L$2:$L$6,"Done") | D7: =COUNTIFS('Project plan'!$C$2:$C$6,$A7,'Project plan'!$L$2:$L$6,"In progress") | E7: =COUNTIFS('Project plan'!$C$2:$C$6,$A7,'Project plan'!$L$2:$L$6,"Blocked") | F7: =COUNTIFS('Project plan'!$C$2:$C$6,$A7,'Project plan'!$L$2:$L$6,"Not applicable") | G7: =IFERROR(SUMIFS('Project plan'!$N$2:$N$6,'Project plan'!$C$2:$C$6,$A7,'Project plan'!$L$2:$L$6,"<>Not applicable")/(B7-F7),0) | H7: =COUNTIFS('Project plan'!$C$2:$C$6,$A7,'Project plan'!$O$2:$O$6,"Yes") | I7: =SUMIFS('Project plan'!$G$2:$G$6,'Project plan'!$C$2:$C$6,$A7,'Project plan'!$L$2:$L$6,"<>Done",'Project plan'!$L$2:$L$6,"<>Not applicable")
A8: Copilot audit and evidence | B8: =COUNTIFS('Project plan'!$C$2:$C$6,$A8) | C8: =COUNTIFS('Project plan'!$C$2:$C$6,$A8,'Project plan'!$L$2:$L$6,"Done") | D8: =COUNTIFS('Project plan'!$C$2:$C$6,$A8,'Project plan'!$L$2:$L$6,"In progress") | E8: =COUNTIFS('Project plan'!$C$2:$C$6,$A8,'Project plan'!$L$2:$L$6,"Blocked") | F8: =COUNTIFS('Project plan'!$C$2:$C$6,$A8,'Project plan'!$L$2:$L$6,"Not applicable") | G8: =IFERROR(SUMIFS('Project plan'!$N$2:$N$6,'Project plan'!$C$2:$C$6,$A8,'Project plan'!$L$2:$L$6,"<>Not applicable")/(B8-F8),0) | H8: =COUNTIFS('Project plan'!$C$2:$C$6,$A8,'Project plan'!$O$2:$O$6,"Yes") | I8: =SUMIFS('Project plan'!$G$2:$G$6,'Project plan'!$C$2:$C$6,$A8,'Project plan'!$L$2:$L$6,"<>Done",'Project plan'!$L$2:$L$6,"<>Not applicable")
A9: Total | B9: =SUM(B6:B8) | C9: =SUM(C6:C8) | D9: =SUM(D6:D8) | E9: =SUM(E6:E8) | F9: =SUM(F6:F8) | G9: =IFERROR(SUMIFS('Project plan'!$N$2:$N$6,'Project plan'!$L$2:$L$6,"<>Not applicable")/(B9-F9),0) | H9: =SUM(H6:H8) | I9: =SUM(I6:I8)
A11: By sprint
A12: Sprint | B12: Controls | C12: Done | D12: In progress | E12: Blocked | F12: Not applicable | G12: % complete | H12: Overdue | I12: Hours left
A13: Sprint 1 - Before Copilot pilot | B13: =COUNTIFS('Project plan'!$D$2:$D$6,$A13) | C13: =COUNTIFS('Project plan'!$D$2:$D$6,$A13,'Project plan'!$L$2:$L$6,"Done") | D13: =COUNTIFS('Project plan'!$D$2:$D$6,$A13,'Project plan'!$L$2:$L$6,"In progress") | E13: =COUNTIFS('Project plan'!$D$2:$D$6,$A13,'Project plan'!$L$2:$L$6,"Blocked") | F13: =COUNTIFS('Project plan'!$D$2:$D$6,$A13,'Project plan'!$L$2:$L$6,"Not applicable") | G13: =IFERROR(SUMIFS('Project plan'!$N$2:$N$6,'Project plan'!$D$2:$D$6,$A13,'Project plan'!$L$2:$L$6,"<>Not applicable")/(B13-F13),0) | H13: =COUNTIFS('Project plan'!$D$2:$D$6,$A13,'Project plan'!$O$2:$O$6,"Yes") | I13: =SUMIFS('Project plan'!$G$2:$G$6,'Project plan'!$D$2:$D$6,$A13,'Project plan'!$L$2:$L$6,"<>Done",'Project plan'!$L$2:$L$6,"<>Not applicable")
A14: Sprint 2 - Remediate and guard | B14: =COUNTIFS('Project plan'!$D$2:$D$6,$A14) | C14: =COUNTIFS('Project plan'!$D$2:$D$6,$A14,'Project plan'!$L$2:$L$6,"Done") | D14: =COUNTIFS('Project plan'!$D$2:$D$6,$A14,'Project plan'!$L$2:$L$6,"In progress") | E14: =COUNTIFS('Project plan'!$D$2:$D$6,$A14,'Project plan'!$L$2:$L$6,"Blocked") | F14: =COUNTIFS('Project plan'!$D$2:$D$6,$A14,'Project plan'!$L$2:$L$6,"Not applicable") | G14: =IFERROR(SUMIFS('Project plan'!$N$2:$N$6,'Project plan'!$D$2:$D$6,$A14,'Project plan'!$L$2:$L$6,"<>Not applicable")/(B14-F14),0) | H14: =COUNTIFS('Project plan'!$D$2:$D$6,$A14,'Project plan'!$O$2:$O$6,"Yes") | I14: =SUMIFS('Project plan'!$G$2:$G$6,'Project plan'!$D$2:$D$6,$A14,'Project plan'!$L$2:$L$6,"<>Done",'Project plan'!$L$2:$L$6,"<>Not applicable")
A15: Total | B15: =SUM(B13:B14) | C15: =SUM(C13:C14) | D15: =SUM(D13:D14) | E15: =SUM(E13:E14) | F15: =SUM(F13:F14) | G15: =IFERROR(SUMIFS('Project plan'!$N$2:$N$6,'Project plan'!$L$2:$L$6,"<>Not applicable")/(B15-F15),0) | H15: =SUM(H13:H14) | I15: =SUM(I13:I14)

Sheet Project plan
A1: ID | B1: Control | C1: Area | D1: Sprint | E1: Priority | F1: Effort (guide) | G1: Effort (h) | H1: Licence | I1: Owner | J1: Start | K1: Due | L1: Status | M1: Done date | N1: % complete | O1: Overdue | P1: Verify (done when…) | Q1: Notes
A2: CR01 | B2: Find the overshared sites before Copilot does | C2: Find and fix oversharing | D2: Sprint 1 - Before Copilot pilot | E2: Highest | F2: 2 h | G2: 2 | H2: Data access governance reports and EEEU insights are part of SharePoint Advanced Management, which Microsoft includes with Microsoft 365 Copilot licences. DSPM data risk assessments need Microsoft Purview (check your plan). SharePoint Administrator role. | L2: To do | N2: =IF(L2="Done",1,IF(L2="In progress",0.5,0)) | O2: =IF(AND(ISNUMBER(K2),K2<TODAY(),L2<>"Done",L2<>"Not applicable"),"Yes","") | P2: A list of high-risk sites with an owner for each exists in the tracker, and the DAG/EEEU reports are saved with the date they were run.
A3: CR02 | B3: Hide the riskiest sites from Copilot while you fix them (Restricted Content Discovery) | C3: Find and fix oversharing | D3: Sprint 1 - Before Copilot pilot | E3: Highest | F3: 1 h | G3: 1 | H3: Microsoft 365 Copilot licence (SharePoint Advanced Management included). SharePoint sites only, not OneDrive. SharePoint Administrator role. | L3: To do | N3: =IF(L3="Done",1,IF(L3="In progress",0.5,0)) | O3: =IF(AND(ISNUMBER(K3),K3<TODAY(),L3<>"Done",L3<>"Not applicable"),"Yes","") | P3: Every high-risk site from CR01 either has access fixed or has 'Restrict content from Microsoft Copilot' on, with a removal date in the tracker. A pilot user's Copilot answer no longer cites the restricted site.
A4: CR03 | B4: Make 'Specific people, view' the default sharing link and put an expiry on Anyone links | C4: Safer sharing defaults | D4: Sprint 1 - Before Copilot pilot | E4: High | F4: 1 h | G4: 1 | H4: Any SharePoint Online plan. SharePoint Administrator role. | L4: To do | N4: =IF(L4="Done",1,IF(L4="In progress",0.5,0)) | O4: =IF(AND(ISNUMBER(K4),K4<TODAY(),L4<>"Done",L4<>"Not applicable"),"Yes","") | P4: Check output shows DefaultSharingLinkType = Direct, DefaultLinkPermission = View, and either Anyone links not allowed or RequireAnonymousLinksExpireInDays set to a value greater than 0.
A5: CR04 | B5: Remove 'Everyone except external users' from sensitive sites and hide it in the people picker | C5: Safer sharing defaults | D5: Sprint 2 - Remediate and guard | E5: High | F5: 2 h + site owner time | G5: 2 | H5: Site access reviews and EEEU insights: SharePoint Advanced Management (included with Microsoft 365 Copilot licences). People picker setting: any SharePoint Online plan. | L5: To do | N5: =IF(L5="Done",1,IF(L5="In progress",0.5,0)) | O5: =IF(AND(ISNUMBER(K5),K5<TODAY(),L5<>"Done",L5<>"Not applicable"),"Yes","") | P5: Sensitive sites from CR01 no longer grant EEEU; the next EEEU insights report shows fewer items; ShowEveryoneExceptExternalUsersClaim is False.
A6: CR05 | B6: Confirm Copilot interactions are audited and searchable | C6: Copilot audit and evidence | D6: Sprint 1 - Before Copilot pilot | E6: High | F6: 30 min | G6: 0.5 | H6: Audit (Standard), included in Microsoft 365 business and enterprise plans. Longer audit retention needs Audit (Premium) or a retention add-on. Audit Logs or View-Only Audit Logs role. | L6: To do | N6: =IF(L6="Done",1,IF(L6="In progress",0.5,0)) | O6: =IF(AND(ISNUMBER(K6),K6<TODAY(),L6<>"Done",L6<>"Not applicable"),"Yes","") | P6: UnifiedAuditLogIngestionEnabled is True and a CopilotInteraction search for a pilot user returns results; the retention decision is recorded.
